x;y;z;
-0.065; 0.951; 0.985;
 0.842; 0.957;-0.382;
 0.842; 0.957;-0.382;
 0.484; 0.881;-0.453;
 0.425; 0.897;-0.041;
 0.425; 0.897;-0.041;
-0.356; 0.706;-0.479;
 0.380; 0.823; 0.833;
 0.380; 0.823; 0.833;
 0.285; 0.915;-0.183;
 0.831; 0.108;-0.301;
 0.831; 0.108;-0.301;
 0.512; 0.891;-0.379;
-0.536; 0.974;-0.464;
-0.536; 0.974;-0.464;
 0.648; 0.621; 0.636;
-0.568; 0.965;-0.601;
-0.568; 0.965;-0.601;
 0.247; 0.985; 0.467;
 0.247; 0.985; 0.467;
 0.812; 0.817; 0.581;
 0.988; 0.644; 0.450;
 0.988; 0.644; 0.450;
-0.383; 0.741;-0.224;
 0.882; 0.575; 0.000;
 0.882; 0.575; 0.000;
-0.689; 0.993; 0.033;
-0.689; 0.993; 0.033;
 0.491; 0.681; 0.245;
 0.738; 0.959;-0.514;
 0.738; 0.959;-0.514;
-0.106; 0.789; 0.768;
-0.421; 0.242; 0.952;
-0.421; 0.242; 0.952;
-0.996; 0.921; 0.106;
-0.385; 0.925; 0.156;
-0.385; 0.925; 0.156;
-0.374; 0.849; 0.685;
-0.490; 0.830;-0.071;
-0.490; 0.830;-0.071;
 0.653; 0.770;-0.029;
 0.653; 0.770;-0.029;
-0.602; 0.933; 0.985;
-0.634; 0.700; 0.345;
-0.634; 0.700; 0.345;
 0.997; 0.937;-0.498;
-0.683; 0.492; 0.642;
-0.683; 0.492; 0.642;
 0.547; 0.855; 0.600;
 0.086; 0.816;-0.568;
 0.086; 0.816;-0.568;
 0.260; 0.952;-0.943;
 0.260; 0.952;-0.943;
-0.096; 0.916;-0.685;
-0.994; 0.716; 0.272;
-0.994; 0.716; 0.272;
-0.459; 0.647; 0.592;
 0.657; 0.945; 0.812;
 0.657; 0.945; 0.812;
-0.410; 0.754; 0.692;
 0.365; 0.954; 0.882;
 0.365; 0.954; 0.882;
-0.715; 0.107; 0.757;
-0.715; 0.107; 0.757;
 0.058; 0.715; 0.117;
 0.634; 0.182;-0.605;
 0.634; 0.182;-0.605;
 0.212; 0.955;-0.363;
-0.072; 0.817;-0.897;
-0.072; 0.817;-0.897;
 0.264; 0.739;-0.128;
 0.264; 0.739;-0.128;
 0.996; 0.931;-0.615;
 0.249; 0.912;-0.430;
 0.249; 0.912;-0.430;
 0.428; 0.818;-0.845;
 0.428; 0.818;-0.845;
 0.781; 0.550; 0.020;
-0.556; 0.652;-0.534;
-0.556; 0.652;-0.534;
 0.940; 0.447; 0.642;
 0.340; 0.909; 0.000;
 0.340; 0.909; 0.000;
 0.740; 0.950; 0.657;
-0.715; 0.376; 0.172;
-0.715; 0.376; 0.172;
 0.081; 0.167; 0.542;
-0.193; 0.895; 0.807;
-0.193; 0.895; 0.807;
 0.850; 0.825; 0.205;
 0.850; 0.825; 0.205;
 0.535; 0.326; 0.565;
-0.096; 0.384;-0.030;
-0.096; 0.384;-0.030;
 0.137; 0.566;-0.977;
-0.253; 0.507;-0.117;
-0.253; 0.507;-0.117;
 0.102; 0.963;-0.847;
 0.412; 0.700; 0.276;
 0.412; 0.700; 0.276;
 0.698; 0.975;-0.083;
-0.107; 0.497; 0.304;
-0.107; 0.497; 0.304;
-0.952; 0.265; 0.216;
-0.194; 0.883; 0.941;
-0.194; 0.883; 0.941;
 0.330; 0.952; 0.918;
-0.694; 0.948;-0.732;
-0.694; 0.948;-0.732;
-0.348; 0.969;-0.697;
-0.192; 0.927; 0.115;
-0.192; 0.927; 0.115;
-0.506; 0.942; 0.940;
-0.506; 0.942; 0.940;
 0.111; 0.998;-0.149;
 0.069; 0.977;-0.662;
 0.069; 0.977;-0.662;
 0.289; 0.995;-0.108;
-0.528; 0.977; 0.423;
-0.528; 0.977; 0.423;
 0.469; 0.926; 0.118;
 0.592; 0.968;-0.518;
 0.592; 0.968;-0.518;
-0.436; 0.966; 0.691;
-0.795; 0.956;-0.484;
-0.795; 0.956;-0.484;
-0.807; 0.963;-0.269;
 0.630; 0.909;-0.187;
 0.630; 0.909;-0.187;
 0.384; 0.949;-0.922;
-0.283; 0.988;-0.389;
-0.283; 0.988;-0.389;
-0.401; 0.884;-0.575;
 0.210; 0.997; 0.084;
 0.210; 0.997; 0.084;
 0.121; 0.818;-0.890;
-0.925; 0.954; 0.231;
-0.925; 0.954; 0.231;
 0.348; 0.787;-0.020;
 0.348; 0.787;-0.020;
 0.102; 0.921;-0.581;
-0.596; 0.746; 0.154;
-0.596; 0.746; 0.154;
-0.282; 0.996; 0.000;
 0.085; 0.995;-0.299;
 0.085; 0.995;-0.299;
-0.839; 0.964; 0.036;
-0.839; 0.964; 0.036;
-0.438; 0.840;-0.723;
 0.625; 0.980; 0.031;
 0.625; 0.980; 0.031;
-0.145; 0.752; 0.888;
-0.145; 0.752; 0.888;
 0.436; 0.873;-0.526;
-0.880; 0.483; 0.048;
-0.880; 0.483; 0.048;
-0.544; 0.876;-0.280;
 0.267; 0.948; 0.979;
 0.267; 0.948; 0.979;
 0.104; 0.885;-0.023;
 0.104; 0.885;-0.023;
-0.174; 0.926; 0.283;
 0.488; 0.209;-0.997;
 0.488; 0.209;-0.997;
 0.576; 0.881; 0.421;
 0.918; 0.957;-0.070;
 0.918; 0.957;-0.070;
 0.920; 0.190; 0.648;
-0.036; 0.993;-0.367;
-0.036; 0.993;-0.367;
 0.987; 0.842; 0.465;
-0.198; 0.959;-0.877;
-0.198; 0.959;-0.877;
-0.326; 0.513;-0.062;
-0.326; 0.513;-0.062;
 0.128; 0.456; 0.456;
 0.441; 0.989; 0.154;
 0.441; 0.989; 0.154;
 0.548; 0.956; 0.759;
 0.641; 0.480;-0.114;
 0.291; 0.564; 0.935;
 0.291; 0.564; 0.935;
-0.423; 0.270;-0.527;
 0.365; 0.990;-0.225;
 0.365; 0.990;-0.225;
-0.716; 0.959; 0.545;
-0.716; 0.959; 0.545;
 0.671; 0.715; 0.491;
 0.039; 0.726;-0.323;
 0.039; 0.726;-0.323;
-0.914; 0.180; 0.623;
-0.094; 0.597;-0.344;
-0.094; 0.597;-0.344;
-0.711; 0.877; 0.722;
-0.703; 0.785; 0.159;
-0.703; 0.785; 0.159;
-0.459; 0.887;-0.425;
-0.459; 0.887;-0.425;
-0.326; 0.962; 0.797;
-0.828; 0.941;-0.695;
-0.828; 0.941;-0.695;
 0.354; 0.961; 0.805;
-0.941; 0.629; 0.525;
-0.941; 0.629; 0.525;
 0.000; 0.903;-0.383;
 0.848; 0.918;-0.946;
 0.039; 0.965; 0.827;
 0.039; 0.965; 0.827;
-0.540; 0.759; 0.540;
-0.540; 0.759; 0.540;
-0.401; 0.941;-0.004;
-0.485; 0.944; 0.935;
-0.485; 0.944; 0.935;
 0.317; 0.762; 0.142;
 0.772; 0.803;-0.867;
 0.772; 0.803;-0.867;
 0.513; 0.930; 0.061;
-0.135; 0.767;-0.817;
-0.135; 0.767;-0.817;
-0.903; 0.795; 0.649;
-0.903; 0.795; 0.649;
-0.602; 0.721;-0.709;
 0.308; 0.822; 0.848;
 0.308; 0.822; 0.848;
 0.026; 0.912; 0.318;
 0.000; 0.836;-0.802;
 0.000; 0.836;-0.802;
-0.644; 0.974; 0.305;
-0.214; 0.963; 0.821;
-0.214; 0.963; 0.821;
-0.809; 0.507;-0.993;
 0.775; 0.022;-0.285;
 0.775; 0.022;-0.285;
 0.885; 0.818; 0.213;
-0.551; 0.963;-0.643;
-0.551; 0.963;-0.643;
 0.404; 0.864;-0.849;
 0.404; 0.864;-0.849;
 0.268; 0.673; 0.134;
 0.315; 0.891; 0.657;
 0.315; 0.891; 0.657;
-0.127; 0.994;-0.318;
 0.047; 0.988;-0.475;
 0.047; 0.988;-0.475;
-0.623; 0.979; 0.146;
-0.974; 0.503; 0.406;
-0.974; 0.503; 0.406;
 0.623; 0.864; 0.214;
 0.705; 0.874; 0.410;
 0.705; 0.874; 0.410;
 0.014; 0.651; 0.049;
 0.133; 0.840;-0.371;
 0.133; 0.840;-0.371;
 0.896; 0.911; 0.975;
-0.834; 0.958; 0.376;
-0.834; 0.958; 0.376;
 0.157; 0.227; 0.677;
 0.157; 0.227; 0.677;
 0.530; 0.600; 0.190;
 0.806; 0.950;-0.571;
 0.806; 0.950;-0.571;
 0.122; 0.672; 0.391;
-0.591; 0.200; 0.937;
-0.591; 0.200; 0.937;
-0.382; 0.932;-0.098;
-0.216; 0.478; 0.945;
-0.216; 0.478; 0.945;
-0.090; 0.333; 0.774;
-0.353; 0.626; 0.346;
-0.353; 0.626; 0.346;
-0.642; 0.954; 0.706;
-0.642; 0.954; 0.706;
-0.658; 0.789;-0.931;
-0.972; 0.943; 0.432;
-0.972; 0.943; 0.432;
 0.420; 0.987;-0.280;
-0.183; 0.974;-0.696;
-0.183; 0.974;-0.696;
-0.780; 0.947; 0.663;
-0.780; 0.947; 0.663;
-0.233; 0.729;-0.296;
-0.486; 0.905;-0.285;
-0.486; 0.905;-0.285;
 0.704; 0.972;-0.246;
 0.697; 0.974;-0.139;
 0.697; 0.974;-0.139;
-0.358; 0.987;-0.358;
 0.436; 0.990;-0.039;
 0.436; 0.990;-0.039;
 0.158; 0.983;-0.554;
 0.651; 0.949;-0.759;
 0.651; 0.949;-0.759;
 0.421; 0.971; 0.631;
 0.421; 0.971; 0.631;
-0.738; 0.908; 0.126;
-0.123; 0.924;-0.486;
-0.123; 0.924;-0.486;
-0.134; 0.889;-0.475;
-0.140; 0.999; 0.000;
-0.140; 0.999; 0.000;
-0.107; 0.976;-0.681;
-0.628; 0.980; 0.039;
-0.628; 0.980; 0.039;
-0.915; 0.915; 0.915;
-0.652; 0.897;-0.268;
-0.652; 0.897;-0.268;
 0.378; 0.977;-0.550;
-0.117; 0.965; 0.820;
-0.117; 0.965; 0.820;
-0.737; 0.972; 0.038;
-0.737; 0.972; 0.038;
-0.025; 0.936;-0.473;
-0.036; 0.977;-0.662;
-0.036; 0.977;-0.662;
 0.331; 0.948; 0.953;
 0.331; 0.948; 0.953;
-0.082; 0.863;-0.242;
-0.536; 0.944; 0.907;
-0.536; 0.944; 0.907;
 0.000; 0.918;-0.275;
-0.622; 0.829; 0.730;
-0.622; 0.829; 0.730;
-0.139; 0.819;-0.886;
-0.106; 0.912; 0.314;
-0.106; 0.912; 0.314;
-0.305; 0.992; 0.228;
-0.487; 0.895; 0.358;
-0.487; 0.895; 0.358;
 0.335; 0.852; 0.679;
-0.152; 0.674;-0.525;
-0.152; 0.674;-0.525;
-0.468; 0.367; 0.175;
 0.839; 0.953;-0.479;
 0.839; 0.953;-0.479;
-0.216; 0.979;-0.607;
-0.090; 0.674; 0.282;
-0.090; 0.674; 0.282;
 0.900; 0.940;-0.611;
-0.776; 0.959; 0.459;
-0.776; 0.959; 0.459;
 0.067; 0.988;-0.470;
 0.096; 0.999; 0.096;
 0.096; 0.999; 0.096;
 0.810; 0.184; 0.871;
 0.810; 0.184; 0.871;
 0.045; 0.440;-0.493;
 0.611; 0.863;-0.527;
 0.611; 0.863;-0.527;
 0.461; 0.986; 0.251;
 0.866; 0.823; 0.130;
 0.866; 0.823; 0.130;
 0.342; 0.905; 0.287;
 0.342; 0.905; 0.287;
 0.574; 0.121; 0.189;
 0.000; 0.884; 0.517;
 0.000; 0.884; 0.517;
 0.406; 0.975;-0.562;
 0.406; 0.975;-0.562;
 0.220; 0.969;-0.318;
-0.792; 0.767; 0.174;
-0.792; 0.767; 0.174;
-0.532; 0.985;-0.112;
-0.108; 0.928; 0.191;
-0.108; 0.928; 0.191;
 0.917; 0.813;-0.136;
 0.917; 0.813;-0.136;
 0.901; 0.105; 0.204;
 0.263; 0.509;-0.823;
 0.263; 0.509;-0.823;
 0.873; 0.941; 0.638;
 0.330; 0.708;-0.558;
 0.330; 0.708;-0.558;
 0.968; 0.144; 0.793;
 0.170; 0.036;-0.978;
 0.170; 0.036;-0.978;
 0.620; 0.594; 0.040;
 0.790; 0.764; 0.204;
 0.790; 0.764; 0.204;
 0.028; 0.952; 0.902;
 0.028; 0.952; 0.902;
 0.428; 0.978; 0.489;
-0.480; 0.677;-0.437;
-0.474; 0.141; 0.362;
-0.474; 0.141; 0.362;
-0.511; 0.368; 0.200;
-0.454; 0.853; 0.892;
-0.454; 0.853; 0.892;
-0.037; 0.931;-0.166;
-0.036; 0.950;-0.995;
-0.036; 0.950;-0.995;
-0.034; 0.935;-0.134;
-0.034; 0.935;-0.134;
 0.285; 0.985; 0.463;
 0.479; 0.988; 0.000;
 0.479; 0.988; 0.000;
-0.430; 0.990;-0.043;
-0.191; 0.987;-0.459;
-0.191; 0.987;-0.459;
 0.342; 0.994; 0.000;
 0.348; 0.984; 0.425;
 0.038; 0.990; 0.425;
 0.305; 0.993;-0.190;
 0.305; 0.993;-0.190;
-0.751; 0.950;-0.644;
-0.913; 0.942; 0.562;
-0.913; 0.942; 0.562;
-0.543; 0.968; 0.579;
 0.108; 0.986;-0.504;
 0.108; 0.986;-0.504;
 0.293; 0.988;-0.367;
 0.312; 0.930;-0.133;
 0.312; 0.930;-0.133;
-0.580; 0.982;-0.077;
-0.580; 0.982;-0.077;
 0.038; 0.961; 0.881;
-0.686; 0.976; 0.080;
-0.686; 0.976; 0.080;
-0.354; 0.902;-0.348;
-0.151; 0.967;-0.792;
-0.151; 0.967;-0.792;
-0.807; 0.899; 0.158;
-0.807; 0.899; 0.158;
 0.231; 0.975;-0.657;
-0.069; 0.886; 0.502;
-0.069; 0.886; 0.502;
-0.080; 0.986; 0.521;
-0.080; 0.986; 0.521;
-0.670; 0.919; 0.072;
-0.693; 0.972; 0.260;
-0.693; 0.972; 0.260;
 0.512; 0.909; 0.238;
-0.432; 0.989;-0.157;
-0.432; 0.989;-0.157;
 0.217; 0.839;-0.772;
-0.590; 0.928;-0.033;
-0.590; 0.928;-0.033;
-0.556; 0.922; 0.113;
-0.556; 0.922; 0.113;
-0.660; 0.942;-0.841;
 0.481; 0.382; 0.127;
 0.481; 0.382; 0.127;
-0.128; 0.975; 0.685;
-0.128; 0.975; 0.685;
-0.714; 0.432; 0.845;
 0.828; 0.572; 0.598;
 0.828; 0.572; 0.598;
 0.031; 0.836; 0.799;
 0.671; 0.635; 0.588;
 0.671; 0.635; 0.588;
-0.164; 0.816; 0.897;
-0.109; 0.994; 0.328;
-0.109; 0.994; 0.328;
 0.673; 0.490;-0.240;
 0.731; 0.681;-0.395;
 0.731; 0.681;-0.395;
 0.072; 0.878;-0.550;
 0.072; 0.878;-0.550;
 0.345; 0.697;-0.036;
 0.987; 0.941; 0.442;
 0.987; 0.941; 0.442;
 0.045; 0.230; 0.701;
 0.045; 0.230; 0.701;
 0.569; 0.245; 0.333;
-0.416; 0.851; 0.667;
-0.416; 0.851; 0.667;
 0.919; 0.892;-0.139;
 0.354; 0.840; 0.150;
 0.354; 0.840; 0.150;
 0.715; 0.952; 0.655;
 0.479; 0.921; 0.490;
 0.479; 0.921; 0.490;
-0.439; 0.307;-0.783;
 0.979; 0.544; 0.151;
 0.979; 0.544; 0.151;
-0.218; 0.924; 0.145;
 0.523; 0.675; 0.145;
 0.523; 0.675; 0.145;
 0.677; 0.844;-0.518;
 0.677; 0.844;-0.518;
 0.270; 0.967; 0.483;
-0.761; 0.901;-0.177;
-0.761; 0.901;-0.177;
-0.842; 0.860; 0.432;
-0.327; 0.899; 0.373;
-0.327; 0.899; 0.373;
 0.324; 0.980; 0.803;
-0.001; 0.711;-0.294;
-0.001; 0.711;-0.294;
-0.733; 0.793; 0.898;
-0.733; 0.793; 0.898;
-0.323; 0.815; 0.378;
 0.225; 0.996; 0.096;
 0.225; 0.996; 0.096;
-0.316; 0.933;-0.108;
-0.730; 0.973; 0.036;
-0.730; 0.973; 0.036;
-0.578; 0.982;-0.144;
 0.233; 0.986;-0.466;
 0.233; 0.986;-0.466;
-0.077; 0.952;-0.968;
-0.077; 0.952;-0.968;
 0.320; 0.906;-0.323;
-0.501; 0.984;-0.250;
-0.501; 0.984;-0.250;
 0.190; 0.997; 0.114;
-0.701; 0.965; 0.442;
-0.701; 0.965; 0.442;
-0.434; 0.989; 0.157;
 0.288; 0.986;-0.432;
 0.288; 0.986;-0.432;
-0.478; 0.982;-0.350;
-0.478; 0.982;-0.350;
-0.072; 0.961; 0.875;
-0.463; 0.967;-0.656;
-0.463; 0.967;-0.656;
 0.371; 0.953;-0.891;
-0.073; 0.999;-0.073;
-0.073; 0.999;-0.073;
-0.104; 0.999;-0.034;
-0.034; 0.999;-0.069;
-0.034; 0.999;-0.069;
-0.245; 0.945;-0.015;
-0.502; 0.974;-0.502;
-0.502; 0.974;-0.502;
-0.220; 0.978; 0.623;
-0.220; 0.978; 0.623;
-0.386; 0.990; 0.175;
-0.222; 0.991; 0.333;
-0.222; 0.991; 0.333;
-0.545; 0.980; 0.311;
 0.183; 0.974;-0.696;
 0.183; 0.974;-0.696;
-0.725; 0.973; 0.036;
 0.183; 0.910; 0.321;
 0.183; 0.910; 0.321;
-0.367; 0.960; 0.808;
-0.083; 0.948;-0.007;
-0.083; 0.948;-0.007;
-0.482; 0.944;-0.933;
-0.471; 0.834; 0.751;
-0.471; 0.834; 0.751;
-0.387; 0.985; 0.387;
-0.989; 0.936;-0.532;
-0.989; 0.936;-0.532;
-0.568; 0.858;-0.597;
 0.795; 0.912; 0.049;
 0.795; 0.912; 0.049;
-0.637; 0.977; 0.182;
-0.525; 0.983; 0.218;
-0.525; 0.983; 0.218;
-0.103; 0.949;-0.998;
-0.103; 0.949;-0.998;
-0.558; 0.241; 0.488;
 0.237; 0.978; 0.610;
 0.237; 0.978; 0.610;
 0.069; 0.932; 0.448;
 0.037; 0.955;-0.942;
 0.037; 0.955;-0.942;
-0.318; 0.840; 0.752;
-0.318; 0.840; 0.752;
 0.396; 0.814;-0.316;
-0.753; 0.726;-0.196;
-0.753; 0.726;-0.196;
-0.056; 0.862;-0.268;
-0.056; 0.862;-0.268;
 0.147; 0.824; 0.469;
-0.438; 0.585; 0.471;
-0.438; 0.585; 0.471;
 0.909; 0.687; 0.568;
 0.063; 0.901; 0.396;
 0.063; 0.901; 0.396;
-0.076; 0.593; 0.910;
-0.076; 0.593; 0.910;
-0.674; 0.974; 0.224;
-0.145; 0.571;-0.660;
-0.145; 0.571;-0.660;
-0.405; 0.690; 0.433;
-0.791; 0.838; 0.058;
-0.791; 0.838; 0.058;
 0.182; 0.209;-0.577;
 0.801; 0.211;-0.786;
 0.801; 0.211;-0.786;
 0.751; 0.971; 0.039;
 0.005; 0.934; 0.541;
 0.005; 0.934; 0.541;
 0.912; 0.805;-0.737;
 0.912; 0.805;-0.737;
 0.696; 0.762;-0.350;
 0.898; 0.768; 0.990;
 0.898; 0.768; 0.990;
 0.713; 0.721; 0.601;
 0.242; 0.806; 0.943;
-0.555; 0.722; 0.749;
-0.555; 0.722; 0.749;
 0.510; 0.745; 0.654;
 0.536; 0.985; 0.041;
 0.536; 0.985; 0.041;
-0.891; 0.661; 0.756;
-0.891; 0.661; 0.756;
 0.592; 0.949; 0.814;
 0.244; 0.987;-0.440;
 0.244; 0.987;-0.440;
 0.125; 0.932; 0.293;
-0.054; 0.988; 0.466;
-0.054; 0.988; 0.466;
 0.255; 0.902; 0.371;
 0.255; 0.902; 0.371;
-0.198; 0.751;-0.286;
 0.124; 0.381; 0.353;
 0.124; 0.381; 0.353;
 0.537; 0.459; 0.690;
-0.548; 0.984; 0.073;
-0.548; 0.984; 0.073;
-0.135; 0.897; 0.423;
 0.192; 0.958; 0.887;
 0.192; 0.958; 0.887;
-0.905; 0.956; 0.215;
-0.479; 0.889; 0.042;
-0.479; 0.889; 0.042;
-0.407; 0.939; 0.018;
-0.774; 0.951; 0.611;
-0.774; 0.951; 0.611;
-0.047; 0.782;-0.341;
-0.058; 0.869; 0.210;
-0.058; 0.869; 0.210;
-0.820; 0.922; 0.932;
 0.000; 0.989; 0.452;
 0.000; 0.989; 0.452;
-0.732; 0.905;-0.156;
-0.747; 0.966;-0.332;
-0.747; 0.966;-0.332;
 0.166; 0.997;-0.133;
 0.166; 0.997;-0.133;
-0.480; 0.872; 0.516;
 0.576; 0.983; 0.000;
 0.576; 0.983; 0.000;
-0.902; 0.930; 0.760;
-0.090; 0.814;-0.575;
-0.090; 0.814;-0.575;
 0.143; 0.812;-0.549;
 0.468; 0.777;-0.042;
 0.468; 0.777;-0.042;
-0.313; 0.778;-0.068;
-0.255; 0.980;-0.573;
-0.255; 0.980;-0.573;
-0.538; 0.782; 0.005;
-0.137; 0.820; 0.881;
-0.137; 0.820; 0.881;
 0.037; 0.982;-0.593;
 0.037; 0.982;-0.593;
-0.019; 0.882;-0.137;
-0.413; 0.991;-0.068;
-0.413; 0.991;-0.068;
-0.562; 0.892; 0.348;
-0.562; 0.892; 0.348;
-0.034; 0.900; 0.404;
-0.109; 0.917; 0.644;
-0.109; 0.917; 0.644;
 0.646; 0.866; 0.496;
 0.919; 0.712; 0.198;
 0.919; 0.712; 0.198;
-0.871; 0.730; 0.347;
-0.871; 0.730; 0.347;
 0.560; 0.870; 0.382;
-0.134; 0.986;-0.506;
-0.134; 0.986;-0.506;
-0.763; 0.730; 0.175;
-0.763; 0.730; 0.175;
 0.984; 0.508; 0.299;
 0.045; 0.199;-0.468;
 0.045; 0.199;-0.468;
 0.938; 0.801;-0.746;
 0.846; 0.954; 0.440;
 0.846; 0.954; 0.440;
 0.308; 0.812; 0.417;
 0.464; 0.886;-0.332;
 0.464; 0.886;-0.332;
-0.541; 0.879;-0.118;
-0.516; 0.760; 0.111;
-0.516; 0.760; 0.111;
 0.163; 0.907;-0.345;
-0.294; 0.990; 0.327;
-0.294; 0.990; 0.327;
-0.461; 0.691;-0.102;
-0.461; 0.691;-0.102;
 0.152; 0.230; 0.203;
 0.783; 0.953; 0.555;
 0.783; 0.953; 0.555;
-0.480; 0.370;-0.267;
 0.359; 0.021; 0.936;
 0.359; 0.021; 0.936;
 0.588; 0.523;-0.611;
 0.588; 0.523;-0.611;
 0.620; 0.745; 0.153;
 0.539; 0.983;-0.215;
 0.539; 0.983;-0.215;
 0.290; 0.845;-0.186;
 0.994; 0.948;-0.186;
 0.994; 0.948;-0.186;
-0.952; 0.393; 0.744;
 0.700; 0.743;-0.470;
 0.700; 0.743;-0.470;
-0.167; 0.365; 0.498;
-0.328; 0.933;-0.103;
-0.328; 0.933;-0.103;
-0.880; 0.153; 0.297;
-0.880; 0.153; 0.297;
-0.908; 0.442; 0.543;
-0.622; 0.841; 0.660;
-0.622; 0.841; 0.660;
-0.198; 0.189;-0.938;
 0.858; 0.788; 0.854;
-0.150; 0.822; 0.479;
-0.150; 0.822; 0.479;
-0.921; 0.875; 0.272;
-0.245; 0.711; 0.033;
-0.245; 0.711; 0.033;
 0.335; 0.992; 0.167;
 0.335; 0.992; 0.167;
 0.526; 0.970;-0.564;
 0.963; 0.927;-0.712;
 0.963; 0.927;-0.712;
-0.777; 0.956; 0.518;
 0.156; 0.998;-0.078;
 0.156; 0.998;-0.078;
 0.963; 0.947;-0.344;
 0.963; 0.947;-0.344;
 0.757; 0.965; 0.341;
-0.418; 0.969; 0.662;
-0.418; 0.969; 0.662;
-0.695; 0.531; 0.945;
 0.060; 0.937;-0.353;
 0.060; 0.937;-0.353;
 0.039; 0.986; 0.519;
-0.673; 0.660; 0.494;
-0.673; 0.660; 0.494;
-0.098; 0.921; 0.605;
-0.036; 0.767; 0.142;
-0.036; 0.767; 0.142;
-0.686; 0.274; 0.337;
-0.686; 0.274; 0.337;
-0.282; 0.864; 0.617;
-0.738; 0.942; 0.781;
-0.738; 0.942; 0.781;
-0.451; 0.774; 0.536;
-0.964; 0.889; 0.125;
-0.964; 0.889; 0.125;
 0.035; 0.972; 0.740;
 0.035; 0.972; 0.740;
-0.077; 0.956;-0.929;
-0.076; 0.765; 0.574;
-0.076; 0.765; 0.574;
-0.669; 0.974;-0.234;
-0.669; 0.974;-0.234;
-0.607; 0.859; 0.553;
 0.992; 0.794;-0.304;
 0.992; 0.794;-0.304;
 0.897; 0.218; 0.561;
 0.956; 0.948;-0.344;
 0.956; 0.948;-0.344;
 0.139; 0.755; 0.877;
 0.004; 0.717; 0.137;
 0.004; 0.717; 0.137;
-0.710; 0.838;-0.534;
-0.111; 0.838;-0.788;
-0.111; 0.838;-0.788;
 0.461; 0.892; 0.037;
 0.461; 0.892; 0.037;
-0.696; 0.974;-0.183;
 0.520; 0.882;-0.168;
 0.520; 0.882;-0.168;
 0.841; 0.949; 0.551;
-0.522; 0.647; 0.756;
-0.522; 0.647; 0.756;
 0.691; 0.439; 0.911;
 0.691; 0.439; 0.911;
-0.193; 0.833; 0.805;
-0.865; 0.890; 0.198;
-0.865; 0.890; 0.198;
 0.042; 0.775; 0.106;
 0.811; 0.557; 0.864;
 0.811; 0.557; 0.864;
 0.769; 0.838; 0.258;
 0.769; 0.838; 0.258;
 0.998; 0.317; 0.852;
-0.211; 0.997; 0.090;
-0.211; 0.997; 0.090;
 0.927; 0.087; 0.415;
 0.927; 0.087; 0.415;
-0.109; 0.388; 0.480;
-0.405; 0.188; 0.991;
-0.405; 0.188; 0.991;
-0.437; 0.823; 0.197;
-0.869; 0.814; 0.431;
-0.869; 0.814; 0.431;
-0.218; 0.937;-0.093;
-0.624; 0.911; 0.174;
-0.624; 0.911; 0.174;
-0.243; 0.942; 0.042;
-0.204; 0.996; 0.136;
-0.204; 0.996; 0.136;
 0.625; 0.980; 0.000;
-0.330; 0.751; 0.189;
-0.330; 0.751; 0.189;
 0.841; 0.962; 0.210;
-0.074; 0.974;-0.704;
-0.074; 0.974;-0.704;
-0.566; 0.977;-0.353;
-0.929; 0.687; 0.559;
-0.929; 0.687; 0.559;
-0.099; 0.819;-0.890;
-0.043; 0.586; 0.845;
-0.043; 0.586; 0.845;
 0.517; 0.979;-0.365;
-0.466; 0.968; 0.636;
-0.466; 0.968; 0.636;
-0.658; 0.658; 0.989;
-0.658; 0.658; 0.989;
-0.420; 0.854; 0.648;
 0.310; 0.723; 0.344;
 0.310; 0.723; 0.344;
-0.440; 0.989; 0.110;
 0.107; 0.873; 0.579;
 0.107; 0.873; 0.579;
 0.181; 0.915; 0.536;
 0.181; 0.915; 0.536;
 0.105; 0.579;-0.686;
 0.419; 0.892;-0.344;
 0.419; 0.892;-0.344;
 0.865; 0.949;-0.511;
 0.865; 0.949;-0.511;
 0.370; 0.987;-0.342;
-0.574; 0.760;-0.504;
-0.574; 0.760;-0.504;
 0.492; 0.780; 0.453;
-0.148; 0.356;-0.596;
-0.148; 0.356;-0.596;
 0.491; 0.987; 0.000;
 0.491; 0.987; 0.000;
 0.299; 0.867; 0.594;
 0.120; 0.829; 0.250;
 0.120; 0.829; 0.250;
 0.444; 0.892;-0.218;
 0.100; 0.901;-0.393;
 0.100; 0.901;-0.393;
 0.664; 0.852;-0.404;
 0.686; 0.738;-0.560;
 0.686; 0.738;-0.560;
-0.091; 0.653;-0.607;
 0.550; 0.735; 0.679;
 0.550; 0.735; 0.679;
 0.525; 0.191; 0.022;
 0.525; 0.191; 0.022;
 0.548; 0.816; 0.114;
 0.091; 0.873; 0.584;
 0.091; 0.873; 0.584;
-0.206; 0.925; 0.175;
 0.189; 0.993;-0.315;
-0.634; 0.845; 0.622;
-0.634; 0.845; 0.622;
-0.933; 0.711; 0.452;
-0.307; 0.689; 0.887;
-0.307; 0.689; 0.887;
-0.311; 0.986; 0.414;
-0.311; 0.986; 0.414;
-0.889; 0.862;-0.392;
-0.630; 0.960;-0.630;
-0.630; 0.960;-0.630;
-0.547; 0.810; 0.859;
-0.620; 0.965; 0.542;
-0.620; 0.965; 0.542;
-0.241; 0.996; 0.080;
 0.192; 0.987;-0.462;
 0.192; 0.987;-0.462;
 0.263; 0.899;-0.392;
 0.263; 0.899;-0.392;
 0.000; 0.993;-0.363;
-0.556; 0.984;-0.074;
-0.556; 0.984;-0.074;
-0.292; 0.966;-0.766;
-0.568; 0.965;-0.606;
-0.568; 0.965;-0.606;
-0.289; 0.995; 0.108;
 0.037; 0.999; 0.000;
 0.037; 0.999; 0.000;
-0.901; 0.918;-0.901;
 0.067; 0.958;-0.908;
 0.067; 0.958;-0.908;
 0.279; 0.937; 0.084;
-0.204; 0.996; 0.170;
-0.204; 0.996; 0.170;
-0.614; 0.979;-0.191;
-0.043; 0.999; 0.000;
-0.043; 0.999; 0.000;
-0.129; 0.995; 0.258;
 0.241; 0.962; 0.827;
 0.241; 0.962; 0.827;
 0.565; 0.839;-0.695;
 0.565; 0.839;-0.695;
 0.449; 0.618; 0.696;
-0.823; 0.965; 0.129;
-0.823; 0.965; 0.129;
-0.114; 0.980;-0.609;
-0.070; 0.989;-0.460;
-0.070; 0.989;-0.460;
-0.246; 0.974;-0.669;
-0.228; 0.944; 0.028;
-0.228; 0.944; 0.028;
 0.093; 0.672;-0.535;
-0.891; 0.913;-0.965;
-0.891; 0.913;-0.965;
-0.399; 0.730;-0.271;
-0.716; 0.723; 0.223;
-0.716; 0.723; 0.223;
-0.441; 0.858; 0.851;
-0.441; 0.858; 0.851;
 0.703; 0.475;-0.117;
-0.985; 0.943;-0.388;
-0.985; 0.943;-0.388;
 0.312; 0.384; 0.440;
 0.312; 0.384; 0.440;
-0.041; 0.983;-0.575;
 0.820; 0.965; 0.078;
 0.820; 0.965; 0.078;
-0.458; 0.940; 0.987;
 0.912; 0.958;-0.041;
 0.912; 0.958;-0.041;
-0.322; 0.882;-0.765;
-0.322; 0.882;-0.765;
-0.597; 0.783; 0.979;
 0.035; 0.972; 0.737;
 0.035; 0.972; 0.737;
-0.018; 0.417; 0.690;
-0.018; 0.417; 0.690;
 0.998; 0.772; 0.703;
 0.508; 0.823;-0.800;
 0.508; 0.823;-0.800;
 0.632; 0.673;-0.907;
-0.043; 0.876;-0.566;
-0.043; 0.876;-0.566;
 0.545; 0.739;-0.661;
 0.424; 0.984;-0.346;
 0.424; 0.984;-0.346;
-0.549; 0.967;-0.591;
 0.804; 0.967; 0.057;
 0.784; 0.833; 0.341;
 0.784; 0.833; 0.341;
 0.447; 0.874; 0.638;
 0.447; 0.874; 0.638;
 0.190; 0.966;-0.798;
-0.928; 0.922;-0.820;
-0.928; 0.922;-0.820;
-0.193; 0.944; 0.033;
-0.625; 0.574; 0.196;
-0.625; 0.574; 0.196;
-0.551; 0.974; 0.451;
-0.658; 0.953;-0.697;
-0.658; 0.953;-0.697;
 0.687; 0.926; 0.995;
-0.607; 0.858;-0.465;
-0.607; 0.858;-0.465;
-0.233; 0.803; 0.960;
-0.233; 0.803; 0.960;
-0.013; 0.088;-0.136;
 0.604; 0.876;-0.082;
 0.604; 0.876;-0.082;
 0.838; 0.824; 0.301;
 0.481; 0.711; 0.869;
 0.481; 0.711; 0.869;
 0.161; 0.711; 0.012;
 0.161; 0.711; 0.012;
-0.924; 0.935;-0.654;
-0.934; 0.189; 0.831;
-0.934; 0.189; 0.831;
-0.354; 0.318; 0.758;
-0.354; 0.318; 0.758;
-0.164; 0.757;-0.314;
-0.224; 0.912;-0.300;
-0.224; 0.912;-0.300;
-0.332; 0.918;-0.231;
-0.718; 0.842; 0.616;
-0.718; 0.842; 0.616;
 0.561; 0.956; 0.749;
 0.561; 0.956; 0.749;
-0.055; 0.903;-0.383;
 0.253; 0.985;-0.470;
 0.253; 0.985;-0.470;
 0.636; 0.916; 0.122;
-0.444; 0.895; 0.546;
-0.444; 0.895; 0.546;
 0.307; 0.862; 0.008;
-0.590; 0.921; 0.106;
-0.590; 0.921; 0.106;
-0.160; 0.610; 0.507;
 0.436; 0.987; 0.242;
 0.436; 0.987; 0.242;
 0.201; 0.940; 0.074;
 0.201; 0.940; 0.074;
 0.107; 0.873;-0.138;
 0.336; 0.912;-0.276;
 0.336; 0.912;-0.276;
 0.266; 0.715; 0.351;
-0.489; 0.873;-0.509;
-0.765; 0.911; 0.087;
-0.765; 0.911; 0.087;
 0.583; 0.878; 0.436;
-0.066; 0.853;-0.703;
-0.066; 0.853;-0.703;
-0.835; 0.870;-0.366;
-0.835; 0.870;-0.366;
-0.667; 0.819; 0.770;
-0.087; 0.895; 0.438;
-0.087; 0.895; 0.438;
 0.477; 0.955;-0.818;
 0.919; 0.834;-0.562;
 0.919; 0.834;-0.562;
 0.269; 0.913;-0.327;
 0.269; 0.913;-0.327;
-0.734; 0.595;-0.068;
-0.899; 0.399;-0.368;
-0.899; 0.399;-0.368;
-0.498; 0.324; 0.610;
-0.863; 0.814; 0.456;
-0.863; 0.814; 0.456;
-0.086; 0.801; 0.745;
-0.667; 0.969; 0.400;
-0.667; 0.969; 0.400;
 0.982; 0.924;-0.729;
 0.933; 0.194;-0.424;
 0.933; 0.194;-0.424;
 0.133; 0.963; 0.845;
 0.133; 0.963; 0.845;
 0.266; 0.844;-0.735;
 0.174; 0.711;-0.075;
 0.174; 0.711;-0.075;
 0.055; 0.926;-0.586;
 0.979; 0.862;-0.327;
 0.979; 0.862;-0.327;
 0.213; 0.740; 0.479;
 0.151; 0.454;-0.822;
 0.151; 0.454;-0.822;
 0.241; 0.055; 0.960;
 0.241; 0.055; 0.960;
 0.165; 0.081; 0.409;
-0.711; 0.654; 0.257;
-0.711; 0.654; 0.257;
 0.356; 0.655; 0.101;
 0.182; 0.890; 0.421;
 0.182; 0.890; 0.421;
-0.918; 0.978; 0.485;
-0.299; 0.012; 0.671;
-0.299; 0.012; 0.671;
-0.878; 0.812; 0.718;
-0.878; 0.812; 0.718;
-0.237; 0.509; 0.752;
-0.793; 0.770;-0.305;
-0.793; 0.770;-0.305;
 0.427; 0.983; 0.373;
-0.614; 0.964;-0.580;
-0.614; 0.964;-0.580;
 0.264; 0.863;-0.625;
-0.445; 0.874;-0.642;
-0.445; 0.874;-0.642;
-0.034; 0.867; 0.249;
-0.039; 0.605; 0.580;
-0.039; 0.605; 0.580;
-0.512; 0.504;-0.715;
 0.200; 0.594; 0.810;
 0.200; 0.594; 0.810;
-0.702; 0.725; 0.117;
 0.369; 0.657; 0.991;
 0.369; 0.657; 0.991;
 0.185; 0.056; 0.625;
 0.396; 0.359; 0.933;
 0.396; 0.359; 0.933;
 0.966; 0.628;-0.849;
 0.844; 0.824;-0.283;
 0.844; 0.824;-0.283;
 0.136; 0.478;-0.563;
 0.604; 0.160;-0.004;
 0.604; 0.160;-0.004;
 0.295; 0.118; 0.830;
 0.295; 0.118; 0.830;
 0.034; 0.983; 0.581;
-0.809; 0.122; 0.016;
-0.809; 0.122; 0.016;
-0.253; 0.996; 0.036;
 0.718; 0.957;-0.575;
 0.718; 0.957;-0.575;
 0.057; 0.933;-0.453;
 0.057; 0.933;-0.453;
-0.186; 0.961;-0.858;
 0.402; 0.595;-0.784;
 0.402; 0.595;-0.784;
 0.600; 0.245;-0.244;
 0.600; 0.245;-0.244;
 0.704; 0.658; 0.704;
 0.479; 0.167; 0.651;
 0.479; 0.167; 0.651;
 0.854; 0.809; 0.273;
-0.923; 0.803; 0.336;
-0.923; 0.803; 0.336;
-0.861; 0.906; 0.057;
-0.861; 0.906; 0.057;
-0.872; 0.202; 0.941;
-0.096; 0.795; 0.277;
-0.096; 0.795; 0.277;
-0.523; 0.120;-0.854;
 0.433; 0.870; 0.716;
 0.433; 0.870; 0.716;
-0.058; 0.519;-0.171;
-0.640; 0.971; 0.400;
-0.640; 0.971; 0.400;
 0.698; 0.960;-0.551;
-0.306; 0.985; 0.443;
-0.306; 0.985; 0.443;
 0.368; 0.992;-0.147;
 0.368; 0.992;-0.147;
-0.195; 0.924;-0.289;
-0.795; 0.947;-0.651;
-0.220; 0.992;-0.315;
-0.220; 0.992;-0.315;
-0.651; 0.734; 0.582;
-0.916; 0.653;-0.771;
-0.916; 0.653;-0.771;
-0.845; 0.728;-0.153;
-0.501; 0.539; 0.946;
-0.501; 0.539; 0.946;
 0.755; 0.379;-0.105;
 0.755; 0.379;-0.105;
 0.562; 0.706;-0.828;
 0.531; 0.603; 0.737;
 0.531; 0.603; 0.737;
 0.728; 0.933;-0.893;
 0.756; 0.970;-0.098;
 0.756; 0.970;-0.098;
-0.158; 0.921; 0.240;
 0.153; 0.997; 0.153;
 0.153; 0.997; 0.153;
-0.442; 0.684; 0.451;
-0.442; 0.684; 0.451;
-0.273; 0.099; 0.138;
-0.327; 0.538; 0.985;
-0.327; 0.538; 0.985;
-0.517; 0.282; 0.395;
-0.562; 0.007; 0.306;
-0.562; 0.007; 0.306;
 0.362; 0.482; 0.282;
-0.378; 0.316; 0.378;
-0.378; 0.316; 0.378;
 0.314; 0.189; 0.139;
 0.314; 0.189; 0.139;
 0.372; 0.365; 0.580;
-0.934; 0.834; 0.653;
-0.934; 0.834; 0.653;
 0.653; 0.843;-0.369;
 0.525; 0.770;-0.484;
 0.525; 0.770;-0.484;
-0.470; 0.319;-0.313;
-0.470; 0.319;-0.313;
 0.350; 0.902;-0.349;
 0.460; 0.666; 0.771;
 0.460; 0.666; 0.771;
 0.456; 0.218;-0.905;
 0.456; 0.218;-0.905;
-0.416; 0.082;-0.163;
-0.496; 0.210;-0.981;
-0.496; 0.210;-0.981;
-0.373; 0.731;-0.676;
 0.000; 0.118;-0.105;
 0.000; 0.118;-0.105;
-0.540; 0.231;-0.244;
 0.947; 0.520;-0.522;
 0.947; 0.520;-0.522;
-0.545; 0.458;-0.201;
-0.545; 0.458;-0.201;
-0.170; 0.983;-0.389;
 0.412; 0.006;-0.326;
 0.412; 0.006;-0.326;
-0.317; 0.780;-0.187;
-0.317; 0.780;-0.187;
-0.211; 0.896;-0.403;
-0.333; 0.643;-0.454;
-0.333; 0.643;-0.454;
 0.128; 0.681;-0.401;
-0.655; 0.429;-0.695;
-0.655; 0.429;-0.695;
-0.793; 0.834;-0.552;
-0.793; 0.834;-0.552;
 0.800; 0.760; 0.966;
 0.980; 0.376;-0.334;
 0.980; 0.376;-0.334;
-0.083; 0.250; 0.639;
-0.384; 0.710; 0.098;
-0.384; 0.710; 0.098;
 0.728; 0.223; 0.420;
 0.443; 0.812; 0.705;
 0.443; 0.812; 0.705;
 0.031; 0.750; 0.774;
 0.031; 0.750; 0.774;
-0.031; 0.271; 0.620;
-0.649; 0.529; 0.959;
-0.649; 0.529; 0.959;
 0.373; 0.374; 0.743;
-0.833; 0.920; 0.442;
-0.833; 0.920; 0.442;
-0.488; 0.104; 0.107;
 0.989; 0.793; 0.658;
 0.989; 0.793; 0.658;
 0.650; 0.925; 0.462;
-0.198; 0.926; 0.149;
-0.198; 0.926; 0.149;
 0.889; 0.745; 0.262;
-0.730; 0.624; 0.496;
-0.730; 0.624; 0.496;
 0.650; 0.081; 0.854;
 0.650; 0.081; 0.854;
-0.016; 0.051;-0.392;
-0.482; 0.685; 0.188;
-0.482; 0.685; 0.188;
-0.492; 0.699;-0.032;
-0.848; 0.875;-0.878;
-0.848; 0.875;-0.878;
-0.394; 0.585;-0.801;
-0.394; 0.585;-0.801;
-0.442; 0.350;-0.841;
-0.205; 0.698;-0.036;
-0.205; 0.698;-0.036;
 0.623; 0.642;-0.378;
-0.783; 0.761;-0.044;
-0.783; 0.761;-0.044;
 0.001; 0.554;-0.170;
 0.701; 0.864;-0.938;
 0.701; 0.864;-0.938;
 0.121; 0.400;-0.670;
 0.520; 0.298;-0.642;
 0.520; 0.298;-0.642;
 0.108; 0.944;-0.048;
 0.108; 0.944;-0.048;
-0.225; 0.872;-0.576;
-0.193; 0.709;-0.386;
-0.193; 0.709;-0.386;
-0.307; 0.431;-0.310;
-0.928; 0.063;-0.122;
-0.725; 0.010;-0.276;
-0.725; 0.010;-0.276;
 0.506; 0.973;-0.013;
 0.000; 0.499;-0.268;
 0.000; 0.499;-0.268;
 0.814; 0.939;-0.407;
 0.814; 0.939;-0.407;
 0.276; 0.130;-0.616;
-0.413; 0.103;-0.242;
-0.413; 0.103;-0.242;
-0.813; 0.450; 0.720;
 0.403; 0.104; 0.350;
 0.403; 0.104; 0.350;
-0.722; 0.651; 0.432;
-0.722; 0.651; 0.432;
-0.597; 0.973; 0.198;
-0.173; 0.141; 0.900;
-0.173; 0.141; 0.900;
 0.461; 0.390; 0.420;
 0.455; 0.975; 0.384;
 0.455; 0.975; 0.384;
 0.399; 0.991;-0.072;
-0.704; 0.736; 0.515;
-0.704; 0.736; 0.515;
 0.238; 0.737; 0.907;
 0.198; 0.923; 0.351;
 0.198; 0.923; 0.351;
-0.552; 0.811; 0.851;
-0.552; 0.811; 0.851;
 0.192; 0.024; 0.303;
-0.456; 0.827; 0.790;
-0.456; 0.827; 0.790;
-0.287; 0.964; 0.791;
 0.148; 0.971; 0.741;
-0.072; 0.999; 0.000;
-0.072; 0.999; 0.000;
 0.701; 0.359; 0.496;
 0.800; 0.951;-0.571;
 0.800; 0.951;-0.571;
-0.284; 0.927;-0.169;
-0.284; 0.927;-0.169;
-0.225; 0.996;-0.150;
 0.077; 0.959;-0.894;
 0.077; 0.959;-0.894;
 0.531; 0.981;-0.303;
 0.079; 0.938;-0.260;
 0.079; 0.938;-0.260;
-0.908; 0.952;-0.363;
 0.326; 0.985;-0.435;
 0.326; 0.985;-0.435;
-0.132; 0.931; 0.158;
-0.404; 0.869;-0.784;
-0.404; 0.869;-0.784;
 0.559; 0.909; 0.218;
 0.559; 0.909; 0.218;
-0.291; 0.877; 0.873;
-0.301; 0.061; 0.547;
-0.301; 0.061; 0.547;
 0.715; 0.836; 0.554;
 0.000; 0.991; 0.375;
 0.000; 0.991; 0.375;
 0.874; 0.961;-0.052;
 0.874; 0.961;-0.052;
-0.854; 0.397;-0.310;
-0.058; 0.631; 0.728;
-0.058; 0.631; 0.728;
-0.328; 0.994; 0.000;
-0.069; 0.881; 0.102;
-0.069; 0.881; 0.102;
-0.222; 0.549;-0.181;
-0.222; 0.549;-0.181;
 0.364; 0.933; 0.093;
-0.867; 0.068;-0.778;
-0.867; 0.068;-0.778;
-0.319; 0.988;-0.364;
-0.319; 0.988;-0.364;
-0.111; 0.997; 0.185;
-0.416; 0.987;-0.260;
-0.416; 0.987;-0.260;
 0.190; 0.962;-0.841;
 0.406; 0.630;-0.859;
 0.406; 0.630;-0.859;
 0.125; 0.253;-0.644;
 0.784; 0.963;-0.326;
 0.784; 0.963;-0.326;
 0.983; 0.735;-0.061;
 0.189; 0.698; 0.127;
 0.248; 0.728; 0.542;
 0.248; 0.728; 0.542;
 0.586; 0.871; 0.484;
 0.586; 0.871; 0.484;
-0.699; 0.052; 0.089;
-0.038; 0.889; 0.483;
-0.038; 0.889; 0.483;
 0.254; 0.927; 0.177;
 0.200; 0.479;-0.024;
 0.200; 0.479;-0.024;
 0.896; 0.193; 0.536;
 0.530; 0.940; 0.955;
 0.530; 0.940; 0.955;
 0.455; 0.343;-0.875;
 0.300; 0.140; 0.357;
 0.300; 0.140; 0.357;
 0.103; 0.558; 0.051;
 0.103; 0.558; 0.051;
 0.011; 0.787; 0.406;
 0.349; 0.553; 0.793;
 0.349; 0.553; 0.793;
 0.000; 0.892; 0.464;
 0.821; 0.000; 0.294;
 0.821; 0.000; 0.294;
-0.048; 0.583; 0.855;
-0.048; 0.583; 0.855;
-0.062; 0.195; 0.343;
-0.003; 0.460; 0.405;
-0.003; 0.460; 0.405;
-0.960; 0.935;-0.596;
-0.534; 0.981;-0.300;
-0.534; 0.981;-0.300;
-0.581; 0.923;-0.090;
 0.072; 0.990;-0.432;
 0.072; 0.990;-0.432;
-0.037; 0.998;-0.185;
-0.811; 0.951;-0.564;
-0.811; 0.951;-0.564;
-0.261; 0.984;-0.486;
-0.261; 0.984;-0.486;
-0.180; 0.993;-0.324;
 0.190; 0.995;-0.228;
 0.190; 0.995;-0.228;
-0.109; 0.999;-0.073;
-0.111; 0.998;-0.111;
-0.111; 0.998;-0.111;
 0.261; 0.973;-0.672;
-0.771; 0.953;-0.578;
-0.771; 0.953;-0.578;
 0.193; 0.964;-0.814;
 0.193; 0.964;-0.814;
 0.225; 0.997; 0.000;
-0.396; 0.986;-0.324;
-0.396; 0.986;-0.324;
 0.318; 0.992; 0.212;
 0.000; 0.993;-0.368;
 0.000; 0.993;-0.368;
-0.312; 0.958;-0.859;
-0.833; 0.965; 0.000;
-0.833; 0.965; 0.000;
-0.356; 0.975; 0.605;
-0.356; 0.975; 0.605;
-0.366; 0.992; 0.109;
-0.072; 0.999; 0.000;
-0.072; 0.999; 0.000;
 0.414; 0.991; 0.034;
 0.409; 0.910;-0.269;
 0.409; 0.910;-0.269;
-0.118; 0.999;-0.039;
-0.861; 0.956; 0.344;
-0.861; 0.956; 0.344;
 0.560; 0.984;-0.070;
 0.716; 0.953;-0.640;
 0.716; 0.953;-0.640;
-0.193; 0.985; 0.503;
 0.000; 0.984;-0.561;
 0.000; 0.984;-0.561;
-0.732; 0.955; 0.585;
-0.732; 0.955; 0.585;
 0.070; 0.977;-0.665;
-0.039; 0.975;-0.704;
-0.039; 0.975;-0.704;
-0.073; 0.960;-0.885;
-0.185; 0.932;-0.148;
-0.185; 0.932;-0.148;
-0.552; 0.981;-0.257;
-0.552; 0.981;-0.257;
-0.516; 0.985;-0.137;
-0.356; 0.919; 0.213;
-0.356; 0.919; 0.213;
-0.160; 0.922; 0.440;
-0.556; 0.980; 0.296;
-0.556; 0.980; 0.296;
-0.489; 0.972;-0.564;
-0.323; 0.994;-0.071;
-0.323; 0.994;-0.071;
-0.591; 0.947;-0.834;
-0.038; 0.998; 0.154;
-0.038; 0.998; 0.154;
-0.650; 0.978; 0.072;
-0.650; 0.978; 0.072;
-0.927; 0.943; 0.519;
-0.155; 0.983;-0.543;
-0.155; 0.983;-0.543;
 0.261; 0.941;-0.046;
-0.937; 0.950;-0.326;
-0.937; 0.950;-0.326;
-0.468; 0.920; 0.171;
-0.132; 0.977;-0.662;
-0.132; 0.977;-0.662;
 0.072; 0.976;-0.686;
 0.276; 0.949;-0.967;
 0.276; 0.949;-0.967;
 0.070; 0.990;-0.423;
 0.070; 0.990;-0.423;
-0.064; 0.886;-0.064;
-0.747; 0.961; 0.462;
 0.574; 0.975;-0.405;
 0.574; 0.975;-0.405;
 0.000; 0.982; 0.591;
-0.628; 0.863;-0.522;
-0.628; 0.863;-0.522;
 0.037; 0.868; 0.613;
 0.037; 0.868; 0.613;
-0.584; 0.931; 0.012;
-0.400; 0.605; 0.401;
-0.400; 0.605; 0.401;
 0.278; 0.909; 0.313;
-0.080; 0.989; 0.444;
-0.080; 0.989; 0.444;
-0.789; 0.953;-0.549;
 0.821; 0.944;-0.657;
 0.821; 0.944;-0.657;
 0.607; 0.901; 0.261;
 0.607; 0.901; 0.261;
 0.201; 0.919;-0.250;
-0.049; 0.551; 0.137;
-0.049; 0.551; 0.137;
-0.207; 0.963;-0.830;
-0.634; 0.535; 0.529;
-0.634; 0.535; 0.529;
 0.343; 0.988;-0.343;
 0.567; 0.754; 0.128;
 0.567; 0.754; 0.128;
 0.261; 0.914;-0.276;
-0.566; 0.978; 0.314;
-0.566; 0.978; 0.314;
-0.035; 0.934;-0.139;
 0.418; 0.097; 0.130;
 0.418; 0.097; 0.130;
-0.861; 0.616; 0.016;
 0.000; 0.980;-0.619;
 0.000; 0.980;-0.619;
 0.304; 0.883;-0.789;
 0.565; 0.706;-0.197;
 0.565; 0.706;-0.197;
 0.502; 0.631;-0.985;
 0.018; 0.757; 0.841;
 0.018; 0.757; 0.841;
 0.369; 0.795;-0.474;
 0.075; 0.645;-0.411;
 0.075; 0.645;-0.411;
 0.831; 0.825;-0.333;
 0.831; 0.825;-0.333;
 0.196; 0.750;-0.332;
 0.180; 0.408; 0.166;
 0.180; 0.408; 0.166;
 0.351; 0.911;-0.278;
 0.558; 0.947;-0.862;

